-0.0595,-0.000119
0.0399,-3.90E-05
0.0398,4.07E-05
0.0472,0.000135034
0.0471,0.000228964
0.0521,0.000332706
0.042,0.000416041
0.0494,0.000514009
0.0593,0.000631581
0.0593,0.000748918
0.0642,0.00087582
0.0766,0.00102727
0.0841,0.00119341
0.0815,0.00135403
0.0814,0.00151412
0.0664,0.00164389
0.0463,0.0017332
0.0387,0.00180714
0.0237,0.00185092
0.0161,0.00187942
0.006,0.00188766
0.011,0.00190589
0.0159,0.00193387
0.0083,0.00194661
0.0208,0.00198431
0.0257,0.00203174
0.0332,0.00209408
0.0456,0.00218109
0.0755,0.00232773
0.101,0.00252508
0.105,0.00273003
0.115,0.00295457
0.1,0.00314866
0.103,0.00334836
0.0926,0.00352686
0.0851,0.00369001
0.075,0.00383263
0.0575,0.00393996
0.0549,0.00404188
0.0649,0.0041636
0.0723,0.00429987
0.0772,0.00444567
0.0947,0.00462618
0.0896,0.00479613
0.0871,0.00496074
0.0745,0.00509981
0.0645,0.00521862
0.0494,0.00530698
0.0369,0.00537016
0.0043,0.00536802
-0.0058,0.00534569
-0.0058,0.0053234
-0.0058,0.00530115
-0.0009,0.00528875
0.0315,0.00534117
0.0615,0.00545349
0.0839,0.00561038
0.0714,0.00574196
0.0338,0.00579807
-0.0262,0.00573408
-0.0862,0.00555021
-0.0688,0.00540151
-0.0439,0.00530291
-0.0164,0.0052595
0.0236,0.00529618
0.051,0.00538759
0.0384,0.00545361
0.0134,0.00546951
-0.0266,0.00540537
-0.0792,0.00523616
-0.0392,0.00514729
0.0007,0.00513839
0.0507,0.00522951
0.0306,0.00528026
0.0031,0.00527589
-0.0244,0.00521654
-0.042,0.00512211
-0.0345,0.00504287
-0.0395,0.00495378
-0.0171,0.00490967
-0.0196,0.00486065
0.0054,0.00486173
0.0278,0.00490761
0.0528,0.00500339
0.1,0.00519339
0.128,0.005439
0.15,0.00572812
0.18,0.00607667
0.163,0.00639051
0.168,0.00671373
0.13,0.0069603
0.103,0.00715238
0.0675,0.00727308
0.0349,0.00732833
-0.0051,0.00730348
-0.0551,0.00717867
-0.115,0.00693431
-0.0952,0.00673004
-0.0502,0.00661618
-0.0052,0.00659255
0.0172,0.00661376
0.0222,0.00664494
-0.0053,0.00662105
-0.0426,0.00652261
-0.0578,0.00639396
-0.0379,0.00630537
0.0046,0.00630196
0.0396,0.00636856
0.0696,0.00649502
0.0845,0.00665103
0.072,0.00678173
0.0445,0.00685717
0.022,0.00688745
-0.0055,0.00686268
-0.043,0.00676295
-0.0455,0.00665843
-0.0556,0.00653391
-0.0706,0.00637964
-0.0606,0.00624568
-0.0381,0.00615699
-0.0081,0.00612848
0.0094,0.00613502
0.0468,0.00621635
0.0368,0.00627752
0.0468,0.00635856
0.0618,0.00646945
0.0743,0.00660511
0.0868,0.0067655
0.0868,0.00692557
0.0893,0.00709031
0.0718,0.00721973
0.0418,0.00728889
-0.0032,0.00726792
-0.0257,0.00720198
-0.0132,0.00716118
0.0218,0.00719045
0.0418,0.00725967
0.0818,0.00740875
0.0718,0.00753754
0.0093,0.00754106
-0.0657,0.00739458
-0.0907,0.00719839
-0.113,0.00695799
-0.113,0.00671808
-0.103,0.00649864
-0.0857,0.00631424
-0.0557,0.00619021
-0.0357,0.00610643
-0.0232,0.00604782
-0.0256,0.00598453
0.0019,0.00597636
0.0169,0.00599821
0.0319,0.00605001
0.0244,0.00608671
0.0219,0.00611833
0.0119,0.0061299
-0.0105,0.00609664
-0.0155,0.00605345
-0.0405,0.00596034
-0.088,0.00577242
-0.078,0.00560487
-0.0579,0.00547786
-0.0054,0.00545611
0.0346,0.00551439
0.0896,0.00568257
0.14,0.0059512
0.172,0.0062833
0.16,0.00659073
0.147,0.00687155
0.0998,0.00705741
0.0548,0.00715289
0.0098,0.00715819
-0.0101,0.00712367
0.0049,0.00711922
0.0125,0.00712999
0.0225,0.00716073
0.045,0.0072364
0.0701,0.00736213
0.0951,0.00753761
0.0851,0.00769273
0.0702,0.00781775
0.0477,0.00789751
0.0203,0.00792232
0.0353,0.00797707
0.0404,0.00804192
0.0454,0.00811663
0.018,0.0081364
-0.0245,0.00807113
-0.0894,0.00787619
-0.147,0.00756643
-0.189,0.0071733
-0.172,0.00681495
-0.157,0.00648732
-0.137,0.00620035
-0.144,0.00589995
-0.154,0.00558015
-0.159,0.00525099
-0.134,0.00497249
-0.0714,0.00481974
-0.0288,0.0047525
-0.0262,0.0046906
-0.0362,0.00460882
-0.0636,0.0044724
-0.104,0.00425545
-0.113,0.00402094
-0.0734,0.0038661
-0.106,0.00364637
-0.111,0.00341707
-0.156,0.00309824
-0.186,0.00272004
-0.221,0.0022726
-0.183,0.00190206
-0.108,0.00168225
-0.0353,0.00160829
0.0198,0.00164467
0.0824,0.00180618
0.115,0.00203257
0.135,0.00229851
0.115,0.00252391
0.0627,0.00264426
0.0178,0.00267457
0.0054,0.00268002
0.0155,0.00270566
0.0156,0.00273145
0.0257,0.00277739
0.0558,0.00288343
0.0858,0.00304927
0.148,0.00333917
0.219,0.00377049
0.246,0.00425495
0.244,0.00473444
0.231,0.00518697
0.186,0.0055486
0.129,0.0057955
0.0842,0.00595231
0.0068,0.00595401
-0.0956,0.0057509
-0.181,0.0053774
-0.21,0.00494664
-0.21,0.00451675
-0.16,0.00418772
-0.0725,0.00403434
0.0151,0.00405647
-0.0348,0.00397876
-0.112,0.0037468
-0.16,0.00341931
-0.169,0.00307447
-0.154,0.00276032
-0.134,0.0024868
-0.0841,0.00231363
-0.0239,0.0022612
-0.0213,0.00221408
-0.0587,0.00209225
-0.0785,0.00193106
-0.118,0.0016912
-0.128,0.00143182
-0.108,0.00121295
-0.053,0.00110453
0.0321,0.00116652
0.0948,0.00135379
0.14,0.00163108
0.2,0.00202782
0.255,0.00253376
0.303,0.00313469
0.278,0.00368442
0.213,0.00410306
0.191,0.00447685
0.261,0.0049899
0.384,0.00574792
0.479,0.00669442
0.521,0.00772303
0.542,0.00879159
0.00574,0.00878548
0.562,0.00989191
0.432,0.0107361
0.27,0.0112547
0.125,0.0114821
0.0675,0.0115942
-0.0048,0.0115614
-0.0047,0.0115289
0.053,0.0116118
0.141,0.0118706
0.233,0.0123128
0.281,0.0128502
0.349,0.0135225
0.486,0.0144675
0.569,0.0155765
0.622,0.0167894
0.652,0.0180598
0.692,0.0194077
0.667,0.0207029
0.522,0.0217055
0.17,0.0220021
-0.175,0.0216081
-0.439,0.0206868
-0.624,0.0193975
-0.787,0.0177847
-1.01,0.0157291
-1.15,0.0133976
-1.26,0.0108508
-1.34,0.00814915
-1.42,0.00529285
-1.48,0.00232226
-1.62,-0.000922382
-1.78,-0.00448054
-1.9,-0.00827158
-1.95,-0.012155
-1.91,-0.0159507
-1.87,-0.0196588
-1.8,-0.0232195
-1.69,-0.0265531
-1.63,-0.02976
-1.62,-0.0329404
-1.69,-0.0362546
-1.77,-0.039722
-1.81,-0.0432626
-1.84,-0.0468561
-1.82,-0.0504024
-1.77,-0.0538416
-1.72,-0.0571739
-1.69,-0.0604395
-1.69,-0.0636986
-1.69,-0.0669513
-1.45,-0.0697173
-1.1,-0.0717779
-0.653,-0.0729404
-0.12,-0.0730345
0.325,-0.0722384
0.65,-0.0707939
1.01,-0.0686323
1.23,-0.0660351
1.36,-0.063183
1.43,-0.0601966
1.47,-0.0571362
1.49,-0.054042
1.5,-0.0509339
1.51,-0.047812
1.56,-0.0445964
1.61,-0.0412872
1.66,-0.0378846
1.72,-0.0343689
1.75,-0.0308001
1.77,-0.0271985
1.78,-0.0235841
1.76,-0.020017
1.69,-0.0165969
1.6,-0.0133637
1.48,-0.010377
1.34,-0.00767625
1.24,-0.0051809
1.17,-0.00283054
1.17,-0.000484877
1.18,0.00187609
1.21,0.00429234
1.24,0.00676376
1.29,0.00933023
1.33,0.0119716
1.37,0.0146876
1.37,0.0173982
1.34,0.0200435
1.2,0.0224034
1.11,0.0245786
1.02,0.0265694
0.852,0.0282203
0.582,0.0293278
0.2,0.0296692
-0.14,0.0293298
-0.482,0.0283072
-0.704,0.0268426
-0.791,0.0252069
-0.771,0.0236145
-0.713,0.0221412
-0.631,0.0208349
-0.555,0.0196833
-0.532,0.0185799
-0.527,0.0174888
-0.512,0.0164298
-0.494,0.0154089
-0.461,0.0144561
-0.371,0.0136852
-0.271,0.0131158
-0.19,0.0127096
-0.0651,0.012554
0.0227,0.0125743
0.088,0.0127251
0.111,0.0129217
0.0736,0.013043
-0.0311,0.0129547
-0.211,0.0125068
-0.438,0.0116058
-0.685,0.0102126
-0.785,0.00862217
-0.787,0.00703092
-0.787,0.00544286
-0.771,0.00388998
-0.741,0.0024002
-0.746,0.000903396
-0.803,-0.00070441
-0.853,-0.002409
-0.88,-0.00416418
-0.879,-0.00591386
-0.902,-0.00770603
-0.884,-0.00945862
-0.826,-0.0110917
-0.718,-0.0125055
-0.498,-0.0134765
-0.213,-0.0138756
-0.0723,-0.0139924
0.111,-0.0137424
0.188,-0.0133389
0.256,-0.0128003
0.279,-0.0122167
0.259,-0.0116742
0.202,-0.0112469
0.13,-0.0109644
0.148,-0.0106464
0.158,-0.0103092
0.114,-0.0100605
0.0913,-0.00985781
0.104,-0.0096301
0.0395,-0.00953184
-0.19,-0.00989277
-0.287,-0.010447
-0.289,-0.0110041
-0.232,-0.0114461
-0.0413,-0.0115058
0.132,-0.0112188
0.259,-0.0106783
0.322,-0.010013
0.388,-0.00921696
0.435,-0.00832853
0.433,-0.00744587
0.414,-0.00660298
0.326,-0.00593777
0.267,-0.0053919
0.282,-0.00481711
0.295,-0.00421748
0.305,-0.00359905
0.318,-0.00295585
0.321,-0.00230794
0.306,-0.00169132
0.284,-0.00111994
0.27,-0.000577697
0.315,5.35E-05
0.4,0.000853352
0.548,0.00194764
0.616,0.00317575
0.599,0.0043674
0.379,0.00511666
0.052,0.00521043
-0.305,0.00459001
-0.477,0.00362683
-0.517,0.00258558
-0.467,0.0016464
-0.374,0.000895112
-0.328,0.000237322
-0.343,-0.000449153
-0.388,-0.00122425
-0.422,-0.00206581
-0.44,-0.00294167
-0.469,-0.00387379
-0.429,-0.00472404
-0.353,-0.0054206
-0.223,-0.00585575
-0.168,-0.00618004
-0.127,-0.00642168
-0.0946,-0.00659804
-0.0767,-0.00673824
-0.101,-0.00692677
-0.111,-0.00713491
-0.0856,-0.00729184
0.0397,-0.00719786
0.08,-0.00702346
0.0929,-0.00682362
0.0757,-0.00665857
0.0386,-0.00656805
0.0239,-0.00650712
0.0193,-0.0064555
-0.0328,-0.00650819
-0.118,-0.00673117
-0.212,-0.00714171
-0.357,-0.00784143
-0.481,-0.00878775
-0.556,-0.00988217
-0.583,-0.0110284
-0.543,-0.0120924
-0.408,-0.0128842
-0.14,-0.0131384
0.168,-0.0127761
0.491,-0.0117686
0.671,-0.010403
0.767,-0.00884822
0.755,-0.00732053
0.677,-0.00595189
0.473,-0.00499398
0.351,-0.00428199
0.328,-0.00361743
0.329,-0.0029522
0.347,-0.00225229
0.34,-0.00156779
0.337,-0.000890651
0.35,-0.00018887
0.391,0.000593508
0.463,0.00151832
0.484,0.00248328
0.467,0.00341232
0.407,0.00421949
0.317,0.00484505
0.243,0.00532136
0.193,0.00569672
0.143,0.00597133
0.0812,0.00612178
0.054,0.00621754
0.0568,0.00631871
0.105,0.00651607
0.178,0.00685904
0.215,0.00727532
0.273,0.00780677
0.271,0.00833315
0.171,0.00865849
-0.0658,0.00850957
-0.29,0.00791255
-0.34,0.00721673
-0.32,0.00656229
-0.272,0.00600517
-0.242,0.00550916
-0.246,0.00500614
-0.378,0.00424013
-0.486,0.00325965
-0.575,0.00210313
-0.625,0.000848921
-0.675,-0.000502776
-0.709,-0.00191977
-0.724,-0.00336393
-0.739,-0.0048352
-0.748,-0.00632153
-0.725,-0.00775889
-0.658,-0.00905937
-0.57,-0.0101813
-0.429,-0.0110189
-0.337,-0.0116709
-0.284,-0.0122155
-0.236,-0.0126631
-0.213,-0.0130638
-0.23,-0.0134976
-0.295,-0.0140606
-0.367,-0.0147665
-0.439,-0.015615
-0.452,-0.0164877
-0.451,-0.0173568
-0.393,-0.0181081
-0.291,-0.0186538
-0.143,-0.0189025
-0.0001,-0.0188649
0.0927,-0.0186418
0.168,-0.0182685
0.146,-0.01794
0.119,-0.0176661
0.0789,-0.017473
0.0442,-0.0173496
0.0595,-0.0171959
0.12,-0.0169215
0.193,-0.0165017
0.218,-0.0160327
0.246,-0.0155086
0.244,-0.0149896
0.264,-0.0144316
0.267,-0.0138688
0.289,-0.013263
0.33,-0.0125765
0.385,-0.0117813
0.455,-0.0108478
0.531,-0.00976408
0.568,-0.00860856
0.579,-0.00743334
0.529,-0.00636047
0.419,-0.00550975
0.272,-0.00495473
0.195,-0.00455482
0.183,-0.00417971
0.2,-0.00377135
0.246,-0.00327181
0.278,-0.00270927
0.311,-0.00208185
0.334,-0.00140968
0.344,-0.000718864
0.362,6.57E-06
0.365,0.00073656
0.335,0.00140509
0.303,0.00200828
0.21,0.00242426
0.133,0.00268541
0.0034,0.00268684
-0.139,0.00240347
-0.221,0.00195666
-0.231,0.00149075
-0.186,0.00111577
-0.1,0.000913534
0.0499,0.00101151
0.105,0.00121948
0.13,0.00147704
0.141,0.00175609
0.173,0.00209858
0.174,0.00244238
0.171,0.0027795
0.147,0.00306794
0.109,0.0032798
0.0395,0.00335224
-0.1,0.00314554
-0.215,0.00270925
-0.277,0.00214983
-0.315,0.00151553
-0.324,0.000864497
-0.297,0.000268768
-0.239,-0.000209769
-0.194,-0.00059735
-0.066,-0.000728155
0.0667,-0.000593299
0.0819,-0.000428312
0.0271,-0.000373255
-0.0776,-0.000527709
-0.205,-0.000936654
-0.245,-0.00142478
-0.275,-0.00197193
-0.284,-0.00253599
-0.219,-0.00296891
-0.127,-0.00321698
-0.0513,-0.00331314
0.0239,-0.00325872
0.0741,-0.003104
0.142,-0.00281379
0.172,-0.00246416
0.195,-0.00206924
0.17,-0.0017251
0.0125,-0.00169665
-0.15,-0.00199325
-0.25,-0.00248927
-0.292,-0.00306829
-0.322,-0.00370615
-0.337,-0.00437274
-0.332,-0.00502799
-0.264,-0.00554594
-0.156,-0.00584685
-0.106,-0.00604715
-0.0834,-0.00620186
-0.0782,-0.00634585
-0.106,-0.00654516
-0.116,-0.00676407
-0.113,-0.00697654
-0.0852,-0.00713299
-0.045,-0.00720873
0.0151,-0.00716411
0.0427,-0.00706438
0.0529,-0.00694445
0.0355,-0.00685956
0.0131,-0.00681964
-0.0093,-0.0068246
-0.0316,-0.00687415
-0.0065,-0.00687341
0.0486,-0.00676246
0.0912,-0.00656653
0.136,-0.0062814
0.251,-0.00576684
0.372,-0.0050113
0.467,-0.00406728
0.562,-0.00293515
0.609,-0.00171128
0.622,-0.000463855
0.597,0.000731073
0.462,0.00165361
0.352,0.0023543
0.202,0.00275359
0.102,0.00295209
0.055,0.00305618
0.0151,0.00308027
-0.0099,0.00305431
-0.0098,0.0030286
0.0153,0.00305314
0.0279,0.00310284
0.0429,0.00318243
0.043,0.00326207
0.068,0.00339154
0.0931,0.00357096
0.101,0.00376582
0.128,0.00401429
0.163,0.00433226
0.163,0.00464959
0.0559,0.00475209
-0.129,0.00448459
-0.162,0.00415162
-0.149,0.00384532
-0.146,0.00354563
-0.144,0.00325054
-0.146,0.00295204
-0.161,0.00262413
-0.151,0.00231688
-0.139,0.00203425
-0.104,0.00182218
-0.0763,0.00166594
0.0188,0.0017002
0.0638,0.0018244
0.0988,0.00201836
0.131,0.00227632
0.154,0.00257977
0.171,0.00291661
0.164,0.00323877
0.121,0.0034743
0.0563,0.00357995
-0.111,0.00335079
-0.269,0.00280609
-0.374,0.00205247
-0.419,0.00121037
-0.376,0.000455948
-0.304,-0.000152964
-0.179,-0.000510658
-0.0289,-0.000567437
0.104,-0.000358302
0.156,-4.56E-05
0.201,0.000356506
0.201,0.000757793
0.176,0.00110828
0.131,0.00136806
0.0184,0.00140212
-0.0692,0.00126092
-0.129,0.0010004
-0.162,0.000674398
-0.147,0.000379049
-0.0794,0.000219491
0.0305,0.000280052
0.143,0.000565492
0.253,0.00107036
0.34,0.00174822
0.388,0.00252072
0.368,0.00325168
0.343,0.00393118
0.323,0.00456932
0.302,0.00516418
0.287,0.00572785
0.292,0.00630039
0.3,0.00688779
0.305,0.00748402
0.309,0.00808705
0.309,0.00868888
0.324,0.0093195
0.342,0.00998486
0.307,0.0105789
0.239,0.0110357
0.151,0.0113157
0.0161,0.0113252
-0.0965,0.0111096
-0.274,0.0105394
-0.322,0.00987428
-0.329,0.00919653
-0.289,0.00860014
-0.252,0.00807894
-0.177,0.00770878
-0.135,0.00742336
-0.09,0.00722852
-0.0227,0.00716866
0.0147,0.00718372
0.067,0.00730336
0.0993,0.00748735
0.0742,0.00762077
0.009,0.00762353
-0.111,0.00738629
-0.176,0.00701951
-0.211,0.00658347
-0.239,0.00609231
-0.259,0.00556212
-0.26,0.005031
-0.252,0.00451694
-0.242,0.0040239
-0.22,0.00357585
-0.19,0.0031887
-0.143,0.00289633
-0.0981,0.00269433
-0.0733,0.00254234
-0.061,0.00241526
-0.0662,0.00227803
-0.0539,0.00216567
-0.0366,0.00208814
-0.0119,0.00206017
0.0554,0.00216684
0.0952,0.00235291
0.188,0.00272421
0.262,0.00324276
0.34,0.00391627
0.372,0.00465244
0.394,0.00543113
0.381,0.00618227
0.351,0.00687191
0.283,0.00742416
0.211,0.00783131
0.155,0.00812565
0.0776,0.0082646
0.0374,0.00832287
0.0047,0.00831563
-0.0206,0.00825779
-0.0483,0.00814468
-0.0911,0.00794619
-0.131,0.0076683
-0.159,0.00733496
-0.164,0.00699229
-0.145,0.00668831
-0.0574,0.00656013
0.0273,0.00660161
0.104,0.00679641
0.199,0.00718081
0.254,0.00767445
0.299,0.0082571
0.326,0.00889259
0.323,0.00952081
0.298,0.0100978
0.182,0.0104416
0.0247,0.0104701
-0.0806,0.0102879
-0.121,0.0100254
-0.124,0.00975732
-0.094,0.0095498
-0.0293,0.0094721
0.0153,0.00948376
0.0325,0.00952979
-0.0603,0.00939013
-0.168,0.00903535
-0.263,0.00849128
-0.281,0.0079123
-0.254,0.00738847
-0.237,0.0068997
-0.252,0.0063819
-0.265,0.00583914
-0.285,0.00525746
-0.296,0.00465494
-0.279,0.00408763
-0.234,0.00361146
-0.197,0.00321023
-0.127,0.00294981
-0.06,0.00282391
0.0071,0.00283247
0.0793,0.0029854
0.139,0.00325743
0.191,0.00363291
0.213,0.00405165
0.203,0.00444955
0.177,0.00479465
0.0546,0.00489426
-0.0708,0.00474287
-0.169,0.00439538
-0.204,0.00397859
-0.194,0.00358264
-0.155,0.00326547
-0.0827,0.00309354
-0.0156,0.00305615
0.034,0.00311804
0.0736,0.003259
0.0907,0.00343389
0.0753,0.00357762
0.0524,0.00367526
-0.0005,0.00366691
-0.0434,0.00357278
-0.0588,0.00344803
-0.0542,0.00333274
-0.0146,0.00329687
0.055,0.00340028
0.135,0.00366348
0.209,0.00407415
0.256,0.004578
0.288,0.00514485
0.27,0.00567456
0.22,0.00610321
0.155,0.006401
0.0641,0.0065164
-0.0613,0.00638077
-0.149,0.00607
-0.19,0.00567786
-0.215,0.00523651
-0.191,0.00484404
-0.154,0.00452635
-0.156,0.00420529
-0.142,0.00391288
-0.127,0.00365106
-0.11,0.00342376
-0.0757,0.00326551
-0.0212,0.00321658
0.0459,0.00330194
-0.0021,0.00329114
-0.085,0.00311456
-0.118,0.00287233
-0.119,0.00262858
-0.0814,0.00246053
-0.0094,0.00243681
0.0576,0.00254713
0.0772,0.00269644
0.107,0.00290505
0.124,0.00314724
0.131,0.00340294
0.118,0.00363214
0.0998,0.00382447
0.0743,0.00396542
-0.0087,0.00394009
-0.164,0.00360421
-0.245,0.003107
-0.263,0.00257479
-0.248,0.00207364
-0.221,0.00162749
-0.192,0.00124024
-0.165,0.000907756
-0.148,0.000609941
-0.103,0.000402721
-0.0486,0.000304715
0.0259,0.000355906
0.0804,0.000515994
0.112,0.000738962
0.134,0.00100548
0.156,0.00131547
0.171,0.00165484
0.168,0.00198753
0.162,0.00230756
0.139,0.00258094
0.101,0.00277778
0.0433,0.00285883
-0.0047,0.00284371
-0.0427,0.00275262
-0.0532,0.00264072
-0.0562,0.00252303
-0.0292,0.00245959
-0.0173,0.00242007
-0.0028,0.00240963
-0.0008,0.00240321
-0.0113,0.0023758
-0.0319,0.00230725
-0.0124,0.00227784
0.0146,0.00230248
0.074,0.00244588
0.149,0.00273898
0.2,0.00313351
0.282,0.00369124
0.332,0.00434786
0.414,0.00516716
0.448,0.00605283
0.48,0.00700072
0.465,0.00791672
0.412,0.00872489
0.314,0.00933544
0.191,0.00969877
0.09,0.00985937
-0.0105,0.00981865
-0.056,0.00968701
-0.0466,0.00957444
-0.0397,0.00947589
-0.0202,0.00941654
-0.0233,0.0093511
-0.0363,0.0092598
-0.0469,0.00914748
-0.0374,0.00905439
-0.013,0.00901028
0.0065,0.00900526
0.0359,0.00905905
0.0203,0.00908153
-0.0277,0.00900797
-0.0883,0.00881335
-0.129,0.00853772
-0.154,0.00821265
-0.19,0.00781622
-0.213,0.00737459
-0.236,0.00688784
-0.224,0.00642606
-0.192,0.00602921
-0.125,0.00576715
-0.0859,0.00558382
-0.0764,0.00541985
-0.057,0.00529501
-0.0476,0.00518922
-0.0381,0.00510264
-0.0387,0.00501504
-0.0493,0.00490641
-0.0674,0.0047618
-0.118,0.00451627
-0.186,0.00413524
-0.239,0.00364897
-0.275,0.00309167
-0.28,0.00252549
-0.263,0.00199444
-0.241,0.00150845
-0.222,0.00106143
-0.208,0.000643308
-0.201,0.000240021
-0.186,-0.000132459
-0.174,-0.000480194
-0.155,-0.000789233
-0.105,-0.000997655
-0.076,-0.00114766
-0.0191,-0.00118356
0.0128,-0.0011556
0.0722,-0.00100889
0.139,-0.000728868
0.181,-0.000365411
0.203,4.13E-05
0.187,0.000415237
0.162,0.000738407
0.106,0.00094893
0.0732,0.00109343
-0.0649,0.000961446
-0.136,0.000687523
-0.124,0.000438148
-0.127,0.000183271
-0.105,-2.71E-05
-0.0678,-0.000162641
-0.0134,-0.000189116
0.036,-0.000116738
0.0779,3.93E-05
0.135,0.000309217
0.114,0.000536599
0.101,0.000737526
0.0456,0.000827251
0.0175,0.000860596
0.0344,0.000927675
0.0788,0.00108342
0.146,0.00137325
0.135,0.00164051
0.122,0.00188123
0.074,0.00202546
0.0434,0.00210821
-0.0172,0.0020696
-0.0503,0.00196486
-0.0784,0.00180413
-0.0415,0.00171752
0.003,0.00172008
0.0524,0.00182144
0.0943,0.0020064
0.129,0.00226039
0.176,0.00260787
0.218,0.00303865
0.252,0.00353657
0.294,0.0041175
0.316,0.00474127
0.303,0.00533778
0.265,0.00585711
0.189,0.00622339
0.138,0.00648695
0.0604,0.00659477
-0.0377,0.00650618
-0.118,0.00625717
-0.154,0.00593666
-0.159,0.00560678
-0.143,0.00530957
-0.108,0.00508295
-0.0937,0.00488538
-0.0768,0.00472201
-0.0773,0.00455797
-0.0704,0.00440805
-0.086,0.00422724
-0.0841,0.00405058
-0.0971,0.00384828
-0.115,0.00361059
-0.131,0.00334136
-0.159,0.00301668
-0.234,0.00254265
-0.28,0.00197756
-0.298,0.00137761
-0.309,0.000756852
-0.314,0.000127338
-0.322,-0.000516916
-0.328,-0.00117188
-0.323,-0.00181554
-0.322,-0.00245591
-0.312,-0.003075
-0.293,-0.00365485
-0.248,-0.00414354
-0.209,-0.00455325
-0.112,-0.00476814
-0.0199,-0.00479841
0.0245,-0.00473981
0.0464,-0.00463753
0.0959,-0.00443645
0.125,-0.00417758
0.132,-0.00390523
0.107,-0.00368342
0.0561,-0.00356385
0.0106,-0.00353552
-0.0275,-0.00358345
-0.058,-0.00369228
-0.104,-0.0038929
-0.154,-0.00419311
-0.195,-0.00457473
-0.225,-0.00501558
-0.241,-0.00548755
-0.261,-0.00599857
-0.262,-0.00651057
-0.245,-0.00698755
-0.188,-0.00734958
-0.119,-0.00757288
-0.0516,-0.00766093
0.0054,-0.00763481
0.0423,-0.00753494
0.0418,-0.00743627
0.0587,-0.007304
0.0757,-0.00713799
0.105,-0.00691372
0.122,-0.00665589
0.139,-0.00636458
0.139,-0.00607385
0.118,-0.0058257
0.0899,-0.00563425
0.0369,-0.00554918
-0.0111,-0.00556028
-0.0041,-0.00555736
0.0053,-0.00553565
-0.0102,-0.00554497
-0.0482,-0.00563029
-0.0787,-0.00577642
-0.104,-0.00597287
-0.0998,-0.00616053
-0.0653,-0.0062788
-0.0308,-0.00632785
0.0461,-0.00622299
0.103,-0.00600455
0.103,-0.00578654
0.0671,-0.00564076
0.0016,-0.00562628
-0.0439,-0.00570283
-0.0519,-0.00579522
-0.0349,-0.00585343
0.0095,-0.00582273
0.0765,-0.00565808
0.109,-0.00542877
0.123,-0.00517191
0.133,-0.00489556
0.14,-0.00460577
0.137,-0.00432256
0.129,-0.00405592
0.141,-0.0037658
0.125,-0.00350827
0.12,-0.00326126
0.0665,-0.00312173
0.016,-0.00308349
-0.0644,-0.00320612
-0.15,-0.00349971
-0.185,-0.00386271
-0.188,-0.00423099
-0.214,-0.00465052
-0.212,-0.00506522
-0.215,-0.00548509
-0.2,-0.00587412
-0.186,-0.00623437
-0.176,-0.00657391
-0.132,-0.00682476
-0.0822,-0.00697551
-0.0027,-0.00696696
0.0318,-0.00688942
0.0763,-0.00672304
0.0684,-0.0065728
0.0629,-0.00643385
0.0624,-0.00629619
0.062,-0.00615959
0.0815,-0.00598427
0.0885,-0.00579531
0.113,-0.00555771
0.128,-0.0052906
0.135,-0.00501002
0.139,-0.004722
0.116,-0.00448055
0.0883,-0.00429499
0.0379,-0.0042106
-0.025,-0.00425218
-0.128,-0.00449968
-0.123,-0.00473668
-0.131,-0.0049892
-0.134,-0.00524723
-0.155,-0.00554673
-0.163,-0.00586164
-0.173,-0.00619591
-0.166,-0.00651552
-0.152,-0.00680649
-0.119,-0.00703088
-0.0873,-0.00719142
-0.0528,-0.00728263
-0.0082,-0.00728447
0.0164,-0.0072371
0.0435,-0.00713563
0.0606,-0.00700016
0.0576,-0.00687096
0.0447,-0.00676781
0.0168,-0.00672068
-0.0186,-0.00674444
-0.049,-0.00682895
-0.0819,-0.00697909
-0.115,-0.00719513
-0.165,-0.00751074
-0.156,-0.00780772
-0.143,-0.00807811
-0.0988,-0.00825955
-0.0442,-0.00833143
0.0229,-0.00826897
0.085,-0.00808243
0.0946,-0.00787706
0.0567,-0.00774791
0.0289,-0.00767461
-0.014,-0.00768726
-0.0394,-0.00775069
-0.0197,-0.00777459
0.0224,-0.00771424
0.0595,-0.00757981
0.0966,-0.00737145
0.116,-0.00712471
0.0984,-0.00691366
0.0806,-0.00673863
0.0577,-0.00660976
0.0399,-0.00651674
0.017,-0.0064697
0.0242,-0.00640836
0.0313,-0.00633295
0.041,-0.00623828
0.0556,-0.0061146
0.0728,-0.00595677
0.09,-0.00576486
0.0971,-0.00555913
0.107,-0.00533401
0.089,-0.00514534
0.0661,-0.00500285
0.0383,-0.00491625
0.023,-0.00486042
0.0077,-0.00483529
0.0023,-0.00482102
-0.0155,-0.00484238
-0.0458,-0.0049243
-0.0811,-0.00507665
-0.104,-0.0052745
-0.114,-0.00549195
-0.0945,-0.00566996
-0.0648,-0.00578822
-0.0177,-0.00581205
0.0095,-0.00578142
0.0318,-0.00570626
-0.006,-0.00570685
-0.0238,-0.00574303
-0.0041,-0.00573975
0.0156,-0.00569707
0.0453,-0.00559507
0.065,-0.00545388
0.0722,-0.00529857
0.0569,-0.00517418
0.0491,-0.00506563
0.0389,-0.0049777
0.0536,-0.00486054
0.0883,-0.00467422
0.108,-0.00444887
0.135,-0.00416997
0.138,-0.00388563
0.142,-0.00359386
0.13,-0.00332668
0.127,-0.00306602
0.119,-0.00282189
0.106,-0.00260425
0.0785,-0.00244204
0.0732,-0.00229075
0.0929,-0.00210037
0.12,-0.00185617
0.16,-0.00153246
0.185,-0.00115939
0.204,-0.000749076
0.217,-0.000313578
0.209,0.00010505
0.201,0.00050684
0.179,0.000863826
0.0933,0.0010487
0.0631,0.0011728
0.0703,0.00131106
0.0751,0.00145863
0.0624,0.00158052
0.0397,0.00165675
0.002,0.00165744
-0.0257,0.00160273
-0.0434,0.00151272
-0.0511,0.0014075
-0.0513,0.00130208
-0.0191,0.00126128
-0.0093,0.00124015
0.0155,0.00126867
0.0253,0.00131674
0.0376,0.0013893
0.0349,0.00145632
0.0248,0.00150301
-0.0104,0.00147921
-0.0381,0.00140005
-0.0658,0.00126565
-0.0835,0.00109612
-0.0786,0.000936724
-0.0713,0.00079225
-0.089,0.000612666
-0.144,0.00032344
-0.157,8.79E-06
-0.2,-0.000391224
-0.24,-0.000870442
-0.27,-0.0014087
-0.288,-0.00198188
-0.285,-0.00254792
-0.265,-0.00307282
-0.255,-0.00357668
-0.216,-0.00400152
-0.166,-0.00432552
-0.118,-0.00455287
-0.0836,-0.00471096
-0.0212,-0.00474394
0.0186,-0.00469726
0.0585,-0.00457086
0.0733,-0.00441512
0.0807,-0.00424489
0.0781,-0.0040802
0.0704,-0.00393124
0.0478,-0.00382778
0.0077,-0.00380472
-0.0074,-0.00381191
-0.04,-0.00388429
-0.0252,-0.00392692
-0.0153,-0.00394966
-0.0054,-0.00395257
0.022,-0.00390066
0.0344,-0.00382406
0.0367,-0.00374301
0.0516,-0.00363232
0.0515,-0.00352206
0.0714,-0.00337222
0.0838,-0.00319787
0.0887,-0.00301408
0.104,-0.00280005
0.0985,-0.00259745
0.0934,-0.00240545
0.0834,-0.00223384
0.0658,-0.00209777
0.0457,-0.00200218
0.0531,-0.00189197
0.068,-0.00175219
0.0829,-0.00158289
0.0954,-0.00138892
0.108,-0.00117014
0.11,-0.000947802
0.105,-0.000735906
0.0851,-0.000564234
0.07,-0.000423106
0.0599,-0.000302459
0.0449,-0.000212054
0.0298,-0.00015203
0.0298,-9.21E-05
0.0347,-2.25E-05
0.0472,7.19E-05
0.0521,0.000175959
0.0696,0.000314807
0.0845,0.000483178
0.0919,0.000666012
0.0919,0.000848479
0.107,0.00106078
0.112,0.00128266
0.117,0.0015141
0.137,0.00178507
0.152,0.0020855
0.167,0.00241533
0.172,0.0027545
0.182,0.00311299
0.152,0.00341076
0.109,0.00362194
0.0716,0.0037579
0.0391,0.00382858
0.039,0.00389892
0.064,0.00401912
0.0815,0.00417409
0.089,0.00434374
0.0815,0.00449805
0.0515,0.00459205
0.0115,0.00460587
-0.046,0.00450466
-0.076,0.00434365
-0.0585,0.00421796
-0.046,0.00411753
-0.036,0.00403729
-0.0285,0.00397222
-0.036,0.00389227
-0.041,0.00380249
-0.061,0.00367288
-0.086,0.00349354
-0.101,0.00328455
-0.0859,0.00310618
-0.0634,0.00297317
-0.0359,0.00289542
-0.0184,0.00285283
0.0216,0.00289033
0.0542,0.00299295
0.0667,0.00312036
0.0767,0.00326752
0.0693,0.00339958
0.0568,0.00350638
0.0318,0.00356297
0.0519,0.00365965
0.0619,0.00377613
0.082,0.00393257
0.087,0.00409871
0.0895,0.00426951
0.0796,0.00442017
0.0646,0.00454053
0.0397,0.00461085
0.0198,0.00464123
0.0373,0.00470655
0.0974,0.00489193
0.135,0.00515215
0.153,0.00544785
0.138,0.00571295
0.113,0.00592752
0.0977,0.00611107
0.0827,0.00626425
0.0603,0.00637232
0.0829,0.00652537
0.0929,0.00669812
0.123,0.00693073
0.126,0.00716887
0.133,0.00742053
0.116,0.00763769
0.108,0.00783841
0.0934,0.00800954
0.076,0.00814552
0.0461,0.00822143
0.0037,0.00821238
-0.0237,0.00814856
-0.0586,0.00801506
-0.0785,0.00784203
-0.113,0.00760035
-0.123,0.00733915
-0.118,0.00708847
-0.116,0.00684229
-0.113,0.00660261
-0.105,0.0063794
-0.105,0.00615664
-0.108,0.00592833
-0.115,0.00568647
-0.14,0.0053951
-0.145,0.00509431
-0.152,0.00478012
-0.147,0.00447656
-0.13,0.00420761
-0.0995,0.00400019
-0.0818,0.00382859
-0.0517,0.00371753
-0.0316,0.0036469
-0.0015,0.00363661
-0.0089,0.00361153
-0.0062,0.00359191
-0.0186,0.00354753
-0.0535,0.00343343
-0.0708,0.00328496
-0.0932,0.00309199
-0.113,0.00285981
-0.11,0.00263409
-0.0778,0.00247322
-0.0377,0.00239288
-0.025,0.00233809
0.0076,0.00234861
0.0327,0.00240932
0.0629,0.0025303
0.093,0.00271124
0.116,0.00293781
0.136,0.00320394
0.146,0.00348953
0.139,0.00376055
0.126,0.00400503
0.109,0.00421502
0.0991,0.00440479
0.122,0.00463998
0.147,0.0049247
0.175,0.00526485
0.182,0.00561832
0.222,0.00605109
0.253,0.00654498
0.285,0.00710189
0.303,0.00769369
0.298,0.0082743
0.288,0.00883375
0.261,0.00933809
0.249,0.00981741
0.231,0.0102598
0.209,0.0106573
0.194,0.0110239
0.179,0.0113599
0.157,0.0116512
0.132,0.0118919
0.117,0.0121021
0.0999,0.0122777
0.0751,0.0124033
0.0653,0.0125091
0.0804,0.0126449
0.0981,0.0128158
0.121,0.0130322
0.136,0.0132781
0.146,0.0135436
0.149,0.0138145
0.142,0.0140708
0.117,0.0142767
0.109,0.0144661
0.105,0.0146472
0.0948,0.0148075
0.0775,0.0149329
0.0777,0.0150584
0.0654,0.0151591
0.0306,0.01519
-0.0342,0.0150912
-0.064,0.014933
-0.0463,0.0148106
-0.036,0.014709
-0.0309,0.0146177
-0.0257,0.0145371
-0.0379,0.0144322
-0.0577,0.014288
-0.0875,0.0140844
-0.0898,0.0138766
-0.0821,0.0136847
-0.0819,0.0134935
-0.0767,0.0133131
-0.069,0.0131485
-0.0538,0.0130146
-0.0311,0.0129264
-0.0258,0.0128489
-0.0031,0.012817
0.0071,0.0128056
0.0173,0.0128146
0.025,0.0128389
0.0178,0.0128489
0.0005,0.0128242
-0.0318,0.0127349
-0.0366,0.0126362
-0.0489,0.0125132
-0.0586,0.0123709
-0.0609,0.0122244
-0.0782,0.0120435
-0.113,0.0117935
-0.143,0.0114839
-0.165,0.0111309
-0.205,0.0106986
-0.255,0.0101672
-0.272,0.00960292
-0.264,0.00905571
-0.246,0.0085456
-0.241,0.00804651
-0.208,0.00761441
-0.186,0.00722719
-0.16,0.00689273
-0.173,0.00653295
-0.192,0.00613588
-0.182,0.00575961
-0.192,0.00536409
-0.202,0.00494936
-0.204,0.00453146
-0.189,0.0041444
-0.184,0.00376811
-0.173,0.00341457
-0.161,0.00308575
-0.12,0.00283957
-0.103,0.00262789
-0.0873,0.00244804
-0.0846,0.00227394
-0.0868,0.00209579
-0.0916,0.0019084
-0.0813,0.00174199
-0.0786,0.0015813
-0.0708,0.00143654
-0.0556,0.00132247
-0.0353,0.00124922
-0.0126,0.00122152
0.0027,0.00122448
0.0229,0.00126783
0.0407,0.0013467
0.0609,0.0014658
0.0687,0.00160027
0.0714,0.00173987
0.0792,0.00189479
0.0769,0.0020448
0.0697,0.00218011
0.0524,0.00228055
0.0327,0.00234139
-0.0071,0.00232251
-0.0193,0.00227926
-0.0415,0.0021917
-0.0363,0.00211472
-0.041,0.00202849
-0.0283,0.00196783
-0.0055,0.0019529
-0.0153,0.00191839
-0.0275,0.00185956
-0.0372,0.00178144
-0.0445,0.00168887
-0.0692,0.0015471
-0.0589,0.0014262
-0.0437,0.00133595
-0.0184,0.00129648
-0.0007,0.00129248
0.0271,0.0013441
0.0323,0.00140601
0.0626,0.0015284
0.0853,0.00169594
0.0981,0.00188875
0.116,0.00211697
0.139,0.00239074
0.151,0.00268796
0.174,0.00303058
0.189,0.00340252
0.215,0.00382571
0.215,0.00424806
0.225,0.00468957
0.218,0.00511619
0.221,0.00554796
0.214,0.00596486
0.201,0.00635493
0.184,0.00671022
0.174,0.0070448
0.162,0.00735471
0.145,0.00763
0.133,0.00788074
0.13,0.00812498
0.108,0.00832473
0.0909,0.00848988
0.0587,0.0085903
0.0339,0.00864092
0.0167,0.00865704
-0.0105,0.00861872
-0.0278,0.00854588
-0.0425,0.00844379
-0.0722,0.00828251
-0.102,0.00806194
-0.112,0.00782182
-0.121,0.00756417
-0.126,0.00729705
-0.118,0.00704645
-0.116,0.00680036
-0.113,0.00656076
-0.103,0.00634164
-0.12,0.00608895
-0.11,0.00585677
-0.117,0.00561106
-0.129,0.00534184
-0.139,0.00505315
-0.129,0.00478505
-0.126,0.00452348
-0.125,0.00426443
-0.105,0.0040459
-0.0999,0.00383801
-0.112,0.00360633
-0.124,0.00335112
-0.137,0.00307042
-0.154,0.00275628
-0.159,0.00243277
-0.168,0.0020919
-0.156,0.00177572
-0.153,0.00146617
-0.15,0.00116323
-0.147,0.000866907
-0.139,0.000587173
-0.134,0.000317999
-0.134,4.94E-05
-0.136,-0.000222736
-0.143,-0.00050829
-0.156,-0.000819273
-0.155,-0.00112764
-0.15,-0.00142538
-0.122,-0.00166653
-0.105,-0.0018732
-0.0793,-0.00202805
-0.0666,-0.00215719
-0.0713,-0.00229548
-0.071,-0.00243289
-0.0658,-0.00255962
-0.048,-0.0026505
-0.0327,-0.0027106
-0.0175,-0.00274018
-0.0122,-0.0027591
0.0055,-0.00274258
0.0158,-0.0027055
0.0261,-0.00264789
0.0363,-0.00256999
0.0466,-0.00247165
0.0393,-0.00238811
0.0371,-0.00230913
0.0224,-0.00225971
0.0201,-0.00221499
-0.0046,-0.00221976
-0.0068,-0.00222892
0.0059,-0.00221267
0.0237,-0.00216084
0.0414,-0.00207372
0.0517,-0.00196617
0.0594,-0.00184344
0.0847,-0.00167035
0.0825,-0.00150201
0.0702,-0.00135861
0.0555,-0.00124489
0.0407,-0.001161
0.041,-0.00107668
0.0637,-0.000947125
0.0765,-0.000792231
0.0892,-0.000612247
0.087,-0.000437022
0.0873,-0.000261548
0.095,-7.10E-05
0.0878,0.000104717
0.0705,0.000245508
0.0483,0.000341617
0.021,0.000382934
0.0163,0.000414768
-0.001,0.000411938
-0.0132,0.000384714
-0.0205,0.000342944
-0.0127,0.000316858
-0.0125,0.000291225
-0.0122,0.000266242
-0.002,0.00026171
0.0008,0.000262787
0.0035,0.000269261
0.0038,0.000276322
0.0115,0.00029877
0.0168,0.000331772
0.0195,0.000370109
0.0047,0.000378768
-0.0175,0.000343011
-0.0348,0.000272725
-0.047,0.00017818
-0.0493,7.92E-05
-0.064,-4.89E-05
-0.0613,-0.000171437
-0.0585,-0.000288095
-0.0833,-0.000454118
-0.0856,-0.00062441
-0.0953,-0.000813761
-0.105,-0.00102213
-0.135,-0.00129009
-0.145,-0.00157751
-0.152,-0.00187835
-0.164,-0.0022026
-0.174,-0.00254619
-0.174,-0.0028891
-0.171,-0.00322532
-0.168,-0.00355487
-0.163,-0.00387376
-0.165,-0.00419601
-0.143,-0.00447362
-0.13,-0.00472467
-0.097,-0.00490923
-0.0843,-0.00506801
-0.0716,-0.00520107
-0.0639,-0.00531847
-0.0611,-0.00543003
-0.0509,-0.00552097
-0.0607,-0.00563133
-0.0505,-0.00572107
-0.0577,-0.00582503
-0.0675,-0.00594838
-0.0723,-0.00608108
-0.0796,-0.00622812
-0.0818,-0.00637926
-0.0716,-0.0065097
-0.0589,-0.00661448
-0.0512,-0.00670365
-0.0585,-0.00680725
-0.0683,-0.00693023
-0.106,-0.00712837
-0.13,-0.00737411
-0.145,-0.00764937
-0.16,-0.00795407
-0.147,-0.00823216
-0.152,-0.00851969
-0.139,-0.00878066
-0.107,-0.00897709
-0.0763,-0.00911174
-0.0486,-0.00919072
-0.0409,-0.00925413
-0.0382,-0.00931203
-0.028,-0.0093494
-0.0303,-0.0093913
-0.0101,-0.00939272
-0.0049,-0.00938374
0.0153,-0.00933437
0.0305,-0.0092547
0.0307,-0.00917479
0.0259,-0.00910464
0.0236,-0.00903923
0.0113,-0.00899855
0.0165,-0.00894755
0.0117,-0.00890626
-0.0056,-0.00889964
-0.0254,-0.00893265
-0.0727,-0.00906018
-0.1,-0.00924206
-0.0873,-0.00939818
-0.0746,-0.00952858
-0.0594,-0.00962832
-0.0517,-0.00971247
-0.0415,-0.00977604
-0.0388,-0.00983409
-0.0187,-0.00985182
-0.001,-0.00983412
0.0117,-0.00979105
0.0369,-0.00969767
0.0546,-0.00956907
0.0748,-0.00940033
0.0675,-0.00924653
0.0726,-0.00908284
0.0853,-0.00889407
0.093,-0.00869029
0.0932,-0.00848651
0.0859,-0.00829773
0.081,-0.00811914
0.0862,-0.0079305
0.0939,-0.00772684
0.114,-0.00748338
0.124,-0.00722042
0.134,-0.00693798
0.157,-0.0066101
0.152,-0.00629288
0.165,-0.00595029
0.173,-0.00559239
0.168,-0.00524521
0.16,-0.00491472
0.153,-0.00459889
0.128,-0.00433369
0.101,-0.00412302
0.0436,-0.00402758
0.0163,-0.00398692
0.0164,-0.00394615
0.0066,-0.00392506
0.0142,-0.00388881
0.0044,-0.00387223
-0.0129,-0.00389029
-0.0103,-0.0039031
-0.0351,-0.0039655
-0.035,-0.00402757
-0.0473,-0.00411411
-0.0647,-0.00423528
-0.057,-0.00434081
-0.0694,-0.00447093
-0.0767,-0.00461539
-0.0816,-0.00476936
-0.0914,-0.00494262
-0.101,-0.00513474
-0.121,-0.00536647
-0.116,-0.00558773
-0.116,-0.00580856
-0.118,-0.00603294
-0.126,-0.00627287
-0.126,-0.00651233
-0.125,-0.0067493
-0.128,-0.00699181
-0.128,-0.00723382
-0.13,-0.00747935
-0.127,-0.0077184
-0.127,-0.00795696
-0.125,-0.00819105
-0.124,-0.00842266
-0.129,-0.00866382
-0.117,-0.00888049
-0.117,-0.00909673
-0.117,-0.00931253
-0.104,-0.00950191
-0.0913,-0.00966551
-0.0737,-0.00979357
-0.066,-0.00990599
-0.0434,-0.00997298
-0.0408,-0.0100346
-0.0432,-0.010101
-0.0481,-0.010177
-0.033,-0.0102226
-0.0079,-0.010218
0.0172,-0.0101631
0.0648,-0.0100132
0.107,-0.00977917
0.12,-0.00951961
0.115,-0.00927057
0.108,-0.00903603
0.1,-0.00881796
0.0754,-0.00864952
0.073,-0.00848623
0.0906,-0.00828805
0.108,-0.00805548
0.101,-0.00783737
0.0958,-0.00763009
0.0859,-0.00744303
0.0785,-0.00727114
0.0761,-0.0071044
0.0687,-0.00695279
0.0613,-0.00681629
0.0589,-0.00668486
0.0864,-0.00649869
0.122,-0.00624169
0.144,-0.00594121
0.129,-0.00567132
0.119,-0.00542198
0.117,-0.00517714
0.119,-0.00492878
0.112,-0.00469493
0.122,-0.00444154
0.125,-0.00418265
0.142,-0.00389029
0.13,-0.00362251
0.112,-0.00339126
0.0824,-0.00321968
0.065,-0.00308324
0.04,-0.00299707
0.0426,-0.00290588
0.0302,-0.00283967
0.0252,-0.00278359
0.0153,-0.00274742
0.0129,-0.00271613
0.0004,-0.00270989
-0.007,-0.00271847
-0.022,-0.00275704
-0.0344,-0.00282032
-0.0468,-0.00290828
-0.0518,-0.00300606
-0.0693,-0.00313865
-0.0767,-0.00328578
-0.0716,-0.0034224
-0.0691,-0.00355376
-0.0666,-0.00367985
-0.0765,-0.00382549
-0.0615,-0.00394084
-0.0539,-0.00404076
-0.0414,-0.00411548
-0.0238,-0.00415485
-0.0063,-0.00415914
0.0087,-0.00413342
0.0313,-0.00406255
0.0388,-0.00397683
0.0588,-0.00385127
0.0688,-0.00370597
0.0714,-0.00355576
0.0914,-0.00336585
0.101,-0.00315712
0.106,-0.0029388
0.104,-0.00272492
0.0915,-0.00253647
0.102,-0.0023274
0.102,-0.00211875
0.0991,-0.00191631
0.0916,-0.00172928
0.0941,-0.00153762
0.0916,-0.00135134
0.0891,-0.00117044
0.0866,-0.000994898
0.0842,-0.000824508
0.0717,-0.00067946
0.0817,-0.000514701
0.0817,-0.000350271
0.0692,-0.000211171
0.0592,-9.23E-05
0.0492,6.24E-06
0.0342,7.46E-05
0.0292,0.000132875
0.0242,0.000181009
0.0142,0.000209047
0.0092,0.000227029
-0.0008,0.000224975
-0.0033,0.000217925
0.0042,0.000225889
-0.0008,0.000223837
0.0142,0.000251789
0.0316,0.000314486
0.0366,0.000387057
0.0441,0.000474483
0.0391,0.000551734
0.0466,0.00064383
0.0491,0.000740743
0.0615,0.000862261
0.054,0.000968536
0.0515,0.0010696
0.0415,0.00115046
0.0465,0.00124116
0.0339,0.00130648
0.0114,0.00132666
-0.0061,0.00131181
-0.0436,0.00122199
-0.0712,0.00107714
-0.0862,0.000902589
-0.0787,0.000743384
-0.0763,0.000589297
-0.0663,0.000455518
-0.0613,0.000332007
-0.0389,0.000253543
-0.0289,0.000195236
-0.019,0.000156846
0.0035,0.000163532
0.0135,0.000190205
0.0134,0.000216625
0.0134,0.000242991
0.0233,0.000289105
0.0333,0.000355127
0.0307,0.000415817
0.0307,0.000476385
0.0431,0.000561632
0.0381,0.000636709
0.0305,0.000696436
0.028,0.000751043
0.0329,0.000815341
0.0428,0.00089931
0.0478,0.000993111
0.0602,0.00111153
0.0501,0.0012095
0.0601,0.00132728
0.0625,0.00144963
0.0649,0.00157653
0.0674,0.00170818
0.0623,0.00182936
0.0472,0.0019201
0.0472,0.00201066
0,0.00200664
